CellLine,InitialCondition,Day,R,ϕ,η
983b,10000,12,333.198793361363,0.9120503979121699,0.6261919051230039
983b,10000,12,319.562709740738,0.8874285054927856,0.6162786550818856
983b,10000,12,334.815429345368,0.8914040513120397,0.6277449231713302
983b,10000,12,329.396535198735,0.8581347767243591,0.6483492808494276
983b,10000,12,318.819327349147,0.8322547134144435,0.6259047985966523
983b,10000,12,327.859685668794,0.8622275406240337,0.6460144072146151
983b,10000,12,320.411822176357,0.8193820388109718,0.47453625788077886
983b,2500,12,280.059879675099,0.8528661731983641,0.39876322205820613
983b,2500,12,283.511894591874,0.8812068224574366,0.4644580757761025
983b,2500,12,275.722432482016,0.8299816312711022,0.47421531619919344
983b,2500,12,288.258729960392,0.8262785073771235,0.4610781561304193
983b,2500,12,303.649004673785,0.8340207926910616,0.5228778519564244
983b,5000,12,310.505683190652,0.8571224126250787,0.5561098909297855
983b,5000,12,311.826915961118,0.8721298465091228,0.5414188802061861
983b,5000,12,317.917239847434,0.8089145157916847,0.5555322001279777
983b,5000,12,309.345770330934,0.8716147483962494,0.553345221181813
983b,5000,12,319.172360973964,0.8420590748006432,0.5463900797390718
983b,10000,21,298.292888481196,0.8701939126990221,0.8701939126990221
983b,10000,21,306.592838584665,0.8715817617027918,0.8429547512034375
983b,10000,21,352.157064774361,0.8856594449140054,0.8211030873406158
983b,10000,21,334.803678807153,0.901488577644905,0.8363508544940952
983b,2500,21,384.356488717233,0.9185048643583194,0.6729807648312287
983b,2500,21,358.020179899524,0.8907994830013268,0.758740560027089
983b,2500,21,347.279659113032,0.894834504364582,0.786080643447
983b,2500,21,340.831888307067,0.9096036325163969,0.771240845000801
983b,5000,21,322.428367557703,0.8728641161614947,0.8296577375721578
983b,5000,21,334.481847497919,0.9220076301071995,0.8190095083954098
983b,5000,21,377.003387980187,0.9261105279781173,0.7769765141760007
983b,5000,21,367.841946665636,0.9504800474431273,0.8050431283528342
983b,5000,21,375.11440827625,0.9416369607669877,0.8171690392788673
793b,10000,10,275.569893874437,0.764371351681914,0.28213847473175263
793b,10000,10,273.916884703698,0.7813000022608602,0.2755216838204181
793b,10000,10,265.010839258786,0.7117599608516937,0.17681939550529105
793b,2500,10,166.205969000995,0.0,0.0
793b,2500,10,185.199302482099,0.15443613950046903,0.0
793b,2500,10,159.517601087984,0.06993601074475568,0.0
793b,2500,10,179.19920251006,0.1581722134201294,0.0
793b,2500,10,173.742818473451,0.0,0.0
793b,5000,10,238.71388504235,0.8065836944602204,0.0
793b,5000,10,231.608968287816,0.4068799775730084,0.0
793b,5000,10,242.787984932023,0.7838419109807646,0.0
793b,5000,10,230.364559596604,0.5563045637507915,0.0
793b,5000,10,237.503599376158,0.5467419706158501,0.0
793b,10000,12,308.221382536089,0.8584165740155636,0.43978550694363844
793b,10000,12,302.344084372311,0.7609453162081607,0.33780971944016186
793b,10000,12,297.547601812784,0.8334147765311534,0.3913243385048392
793b,10000,12,300.915046868956,0.7897642480006322,0.3618574412710417
793b,10000,12,300.868466793828,0.7825242616487609,0.31670671329904787
793b,2500,12,208.917263347682,0.2017150525391629,0.0
793b,2500,12,187.517542269707,0.03159650948541326,0.0
793b,2500,12,214.991515855204,0.5457334954533742,0.0
793b,2500,12,202.890214787498,0.5780853122200412,0.0
793b,5000,12,248.889186944833,0.6302335808361658,0.0
793b,5000,12,270.131282847799,0.6425059516782217,0.0
793b,5000,12,258.101153817785,0.7515987935214175,0.0
793b,5000,12,271.147032750268,0.8169279030577776,0.20397321607448066
793b,5000,12,254.364379232222,0.727031077353816,0.0
983b,10000,16,335.407563111091,0.8548429398055691,0.7558711157046316
983b,10000,16,309.557925589039,0.8771063470521395,0.7590000287429353
983b,10000,16,308.746659506376,0.8557320830346049,0.7026055045263063
983b,10000,16,336.008166744894,0.9170191984366679,0.6912045590751561
983b,10000,16,331.679562203307,0.9246340592118498,0.7206155236016074
983b,10000,16,335.628153442803,0.9115757964688931,0.7092843796729256
983b,10000,18,368.057127323025,0.9061448712904575,0.7337010063176341
983b,10000,18,361.684715581987,0.9142721129920062,0.7091214970970656
983b,10000,18,309.094492056185,0.9020313249341027,0.7568534719279377
983b,10000,18,367.002742576494,0.8852478627766218,0.7363892331497759
983b,10000,18,352.080250971521,0.926571771949435,0.7836125254633168
983b,10000,18,380.541355389761,0.8365822410995143,0.6955387323926807
983b,2500,18,340.439203088723,0.825864748448218,0.657613649733405
983b,2500,18,340.065587515057,0.9168638920452508,0.7331774834411215
983b,2500,18,349.376905874552,0.902004902469503,0.6911151003020446
983b,2500,18,335.296113510702,0.8536668862202992,0.6572582307273925
983b,2500,18,326.227423752239,0.8523970387204961,0.6934625809231997
983b,2500,18,361.417440477114,0.8985351909959417,0.6294063280064914
983b,5000,18,350.062425953617,0.8744586542750321,0.7241750096169345
983b,5000,18,358.309204589405,0.9288088336117802,0.7061256102564952
983b,5000,18,348.124029418124,0.874209776376298,0.6900479179010203
983b,5000,18,338.598229979924,0.8689554600263362,0.7227585551575125
983b,5000,18,338.40355479535,0.9108690734533251,0.6655689184978795
983b,5000,18,352.103995208978,0.8999259316526508,0.7510428340865617
983b,10000,21,344.608581909396,0.8395471420250159,0.778162868454407
983b,10000,21,350.381174560839,0.8968245340043665,0.7490565526664993
983b,10000,21,307.528945864632,0.8644502282460035,0.8508486255898905
983b,2500,21,350.595850443536,0.9342320212020092,0.7699361492714035
983b,2500,21,307.807066060251,0.8972354903167418,0.7898813785190879
983b,2500,21,311.675480105162,0.8647154011782858,0.7662719988322415
983b,2500,21,357.031200486193,0.92866190798379,0.7480635567258037
983b,2500,21,375.821680160331,0.9235302791406245,0.7553312497899322
983b,2500,21,309.277404691475,0.9256862737149983,0.7807021838373002
983b,2500,21,292.38337000994,0.82691405130281,0.8115616268019487
983b,2500,21,343.96580945475,0.886106398927325,0.7451239068712753
983b,2500,21,307.29298592329,0.8668356076971895,0.8099731446152013
983b,2500,21,322.549599722378,0.9033031069491415,0.7641794799089164
983b,5000,21,339.961451267172,0.9207001417887192,0.8305531162419015
983b,5000,21,340.356132577442,0.9091630954435281,0.829272667301226
983b,5000,21,294.043785331719,0.9022395415235319,0.8110530349654603
983b,5000,21,315.211088916467,0.9069871512266129,0.8536376793850006
983b,5000,21,324.379321840114,0.8547671391182923,0.801570102130261
983b,5000,21,347.89439962383,0.9113445417862589,0.8082303865397662
983b,5000,21,350.117209575616,0.9106981115701502,0.8082950092736757
983b,5000,21,329.408478618646,0.9235728489993339,0.7974864205622518
983b,5000,21,309.553159652174,0.8599074404665331,0.8439662689253518
983b,5000,21,319.426488332867,0.8968941393762608,0.8524762917709904
983b,5000,21,322.741647984196,0.9045841827444069,0.8287641069674861
983b,10000,7,282.684158909343,0.8071805460951088,0.4301492418664572
983b,10000,7,296.842692090533,0.8157623813549285,0.4051733499319176
983b,10000,7,279.456056341839,0.7595374792095917,0.41200744196978073
983b,10000,7,279.748023072945,0.8082595578312936,0.4482017155256319
983b,10000,7,270.532405327628,0.8169846209527245,0.4080013312189176
983b,10000,7,294.800432476437,0.7969404718110626,0.426916865156948
983b,10000,7,291.10481585359,0.8296249213756579,0.41436578057346973
983b,10000,7,278.117195453389,0.8432220197587151,0.4200662193037313
983b,10000,7,288.436953555529,0.844766832959224,0.4161083397817677
983b,2500,7,203.722310530958,0.791947576877128,0.0
983b,2500,7,224.990583376397,0.8013761317305597,0.0
983b,2500,7,214.962921310353,0.5875690777993111,0.0
983b,2500,7,226.280850034031,0.707162689611399,0.0
983b,2500,7,215.312657314599,0.7682707766117055,0.0
983b,2500,7,221.125762321989,0.4491235187019203,0.0
983b,2500,7,221.501292081815,0.5220219666755251,0.0
983b,2500,7,223.014728896017,0.6334244681986201,0.0
983b,2500,7,219.681030947206,0.6679882260917638,0.0
983b,2500,7,219.193598544797,0.39291122254838917,0.0
983b,2500,7,220.864292856428,0.5117688128956167,0.0
983b,5000,7,254.604001124201,0.7182163533930159,0.2939024272198414
983b,5000,7,249.253469394661,0.666079550359082,0.294165276418135
983b,5000,7,242.076996042684,0.7911339061695983,0.33419657780689893
983b,5000,7,266.700611412284,0.7824451863087797,0.21184323539386465
983b,5000,7,216.058234357023,0.0,0.0
983b,5000,7,262.051211816084,0.8547990697253072,0.3101811989767053
983b,5000,7,247.538965291723,0.8456790162102802,0.3173412229795441
983b,5000,7,243.612998951753,0.7472743162017423,0.3038532782719411
983b,5000,7,249.169603303429,0.7475085271944799,0.28889913174001014
793b,2500,21,268.996548389522,0.7178077328562562,0.24433307654668637
793b,2500,21,312.420120003681,0.8458589722602097,0.4726041996125613
793b,2500,21,319.727329305999,0.8777917972954249,0.5099422351323498
793b,2500,21,323.596096407419,0.8067829862422637,0.45964043057420806
793b,5000,21,332.42229372147,0.8695634120927417,0.6563117113362665
793b,5000,21,331.464504142909,0.8490038020756114,0.6197582581541128
793b,5000,21,342.670189546532,0.8676675865568185,0.6440969760097701
793b,10000,24,364.83428865053,0.9104259893372291,0.8033803062229145
793b,10000,24,348.179824241515,0.8639183893935961,0.7504700761482411
793b,10000,24,373.382515499708,0.9186465631119175,0.8293062786769461
793b,10000,24,373.149978746609,0.8877125865824056,0.787176933219577
793b,10000,24,379.37779772478,0.8844382232260706,0.8073364359538513
793b,10000,24,355.980766658889,0.8707456257467412,0.7874720506048755
793b,10000,24,356.162382640519,0.8809727347729167,0.802158191742466
793b,10000,24,289.31367657892,0.8965240005719857,0.8125763042855855
793b,2500,24,337.164598456416,0.888830872024602,0.6445149519445694
793b,2500,24,327.916678921963,0.8598540427994954,0.6366056238581471
793b,2500,24,347.444592689338,0.8827288773637365,0.6865725729150605
793b,2500,24,359.519750296256,0.868090182757882,0.6529931343294015
793b,2500,24,339.842089253517,0.852573325169244,0.6239605427397971
793b,2500,24,328.596085468705,0.8567715392462569,0.5672766995484672
793b,2500,24,355.170999392864,0.8749923243971589,0.6611506227460697
793b,2500,24,336.31903320166,0.8653749407347205,0.6438232523391818
793b,2500,24,335.79441641349,0.8708141669299796,0.6346714287539157
793b,2500,24,335.9240004862,0.8633447676317674,0.5637453469070296
793b,2500,24,344.099462107415,0.8909802155737819,0.660300696345398
793b,5000,24,345.544882522012,0.9198666722751967,0.7863666764989132
793b,5000,24,335.502852476092,0.8762654323411893,0.7186012694988199
793b,5000,24,352.306454551711,0.8974840789734699,0.7595681679120613
793b,5000,24,353.638388635515,0.8961030890106875,0.7942862126734532
793b,5000,24,334.949796805797,0.8938187931217774,0.755005157240738
793b,5000,24,337.709658504581,0.8748501852430386,0.6963796776851257
793b,5000,24,375.885138522542,0.9022190750398693,0.7506873954235385
793b,5000,24,368.319584298571,0.8930200038312737,0.7805333558816531
793b,5000,24,343.265965463564,0.8673439185618987,0.697651577020343
793b,10000,7,247.103505237208,0.608661998948212,0.0
793b,10000,7,250.295986248602,0.630292055938053,0.0
793b,10000,7,258.792823203947,0.5167597718177501,0.0
793b,10000,7,256.817564175041,0.506829905764358,0.0
793b,10000,7,254.904176349334,0.4551822374497206,0.0
793b,10000,7,236.049732124695,0.28829895197886424,0.0
793b,10000,7,262.455314735781,0.4979362874006885,0.11367546073530886
793b,10000,7,248.369978052655,0.5029657261321469,0.0
793b,10000,7,246.873535424991,0.5667966027193743,0.0
793b,10000,7,242.816340679457,0.2456094753725644,0.0
793b,10000,7,262.506837637079,0.5838889693018151,0.13168773379790488
793b,2500,7,161.155452127031,0.138135422673274,0.0
793b,2500,7,161.98941920315,0.0,0.0
793b,2500,7,158.765144445706,0.08617357363994593,0.0
793b,2500,7,161.743329186894,0.2004541464652717,0.0
793b,2500,7,177.27472851492,0.0,0.0
793b,2500,7,173.718757801572,0.0,0.0
793b,2500,7,168.036278996772,0.23447542587057335,0.0
793b,2500,7,171.2066030351,0.2765321339721601,0.0
793b,2500,7,162.790418668261,0.3006873772547003,0.0
793b,2500,7,171.467792314715,0.19649977763831805,0.0
793b,5000,7,209.506089953225,0.11049168777564151,0.0
793b,5000,7,208.084671324186,0.4202080909727172,0.0
793b,5000,7,210.093266265944,0.36458156330459973,0.0
793b,5000,7,204.315277559851,0.37255033941668647,0.0
793b,5000,7,203.670404142575,0.43324513664282305,0.0
793b,5000,7,212.957535222296,0.2896739936795396,0.0
793b,5000,7,212.474351986125,0.5039535850510811,0.0
793b,5000,7,208.856052518702,0.7462133912100121,0.0
793b,5000,7,192.66957395984,0.6864746538668519,0.0
793b,5000,7,212.172093412206,0.1643190241336975,0.0
793b,5000,7,203.477147794049,0.2859461994750925,0.0
793b,5000,7,210.539873231307,0.4111288020807955,0.0
793b,5000,7,207.804427259066,0.38789938043573036,0.0
793b,5000,7,208.396398220489,0.17157859209467577,0.0
983b,10000,10,316.862075871987,0.8281312135654145,0.4699563019633203
983b,10000,10,318.286725126406,0.8378265257319567,0.5422642743152186
983b,10000,10,317.671193597921,0.8975891563673185,0.5526657327019279
983b,10000,10,300.095983979452,0.8579192962092239,0.5013850895214261
983b,10000,10,289.771409342952,0.8917184737863783,0.47446263470898925
983b,10000,10,298.159319695262,0.8548477736549459,0.5155461601545124
983b,2500,10,258.865023072332,0.7598376653468105,0.3617811959869404
983b,2500,10,261.535568626362,0.7901186877056839,0.3427085257977515
983b,2500,10,262.759621711067,0.7275381221964035,0.32832280102969624
983b,2500,10,261.527106989308,0.7717078012596994,0.3537960748176161
983b,2500,10,255.276250181103,0.7866719349384848,0.3326244676277163
983b,5000,10,281.64803273576,0.840017470545435,0.39548143710342903
983b,5000,10,287.806280591489,0.844049514931429,0.45538826309070757
983b,5000,10,294.21265447261,0.777313326653173,0.4645569453497971
983b,5000,10,286.912096743631,0.8857419840651988,0.4174549419283025
983b,5000,10,292.097298650333,0.8781989826474745,0.5049553860497739
983b,5000,10,291.299868898758,0.8017379769953057,0.45075036444363753
983b,5000,10,283.159555918093,0.7670271011930562,0.46500303224408923
983b,10000,14,335.18389326545,0.860946697795391,0.6476514560862323
983b,10000,14,348.433260317514,0.8672643276534663,0.6440059107747496
983b,10000,14,339.727751776495,0.8578153135646923,0.6491310186852266
983b,10000,14,346.955935083102,0.9104824299407909,0.6656704869546429
983b,10000,14,344.490830075517,0.8944939088498218,0.6333486074548875
983b,10000,14,333.587471026367,0.8441074062773822,0.626916111442708
983b,10000,14,346.698582210138,0.8891332164042867,0.6613475524547884
983b,2500,14,293.34973495564,0.8538856451559923,0.5275854352104689
983b,2500,14,302.256238573701,0.8140610271594109,0.5371029234899778
983b,2500,14,298.885805350222,0.8696258652378621,0.5102794604629648
983b,2500,14,305.016870875557,0.868133807034235,0.5474575826419655
983b,2500,14,302.986697124491,0.8300225630619178,0.5341407973468164
983b,2500,14,299.920589410417,0.8575397417684822,0.5227998681666934
983b,2500,14,300.468562077224,0.7972024579698751,0.5069794435692909
983b,5000,14,323.722208233639,0.8950241320032003,0.6071826351467629
983b,5000,14,313.987904505776,0.8627803360681068,0.6223985640770378
983b,5000,14,310.721003212418,0.8601546713499366,0.6368056664070404
983b,5000,14,319.210107826352,0.8960164841663488,0.6065972882221995
983b,5000,14,312.983918728002,0.873140936452996,0.6065979254818438
983b,5000,14,307.977969285017,0.8699253345882167,0.58666249215699
983b,5000,14,316.365041888495,0.8907299970043525,0.6001886477345023
983b,5000,14,305.291641667965,0.8609131703999395,0.6016569566424789
983b,10000,21,312.663220681422,0.912223256083856,0.8145823449881463
983b,10000,21,284.134791819677,0.8636004531558882,0.8206303716286759
983b,10000,21,317.887074609787,0.9270431389736317,0.84043087912311
983b,10000,21,295.225506617596,0.8636385022114529,0.8080091043099874
983b,10000,21,349.817902189874,0.8980640529010546,0.7714244124204386
983b,2500,21,318.193234891529,0.8602835518916132,0.7572889975229106
983b,2500,21,361.998664500554,0.9140361360526555,0.7533490604760218
983b,5000,21,376.23756269025,0.9235954269221271,0.7432628613608756
983b,5000,21,279.18051892304,0.8458242356567639,0.8296371244299101
983b,5000,21,328.641728334768,0.9077209265170278,0.8299424692351813
983b,5000,21,377.662201074803,0.9331802219692468,0.7615482896860146
983b,5000,21,324.914045436701,0.8977394693288383,0.8165070404759436
983b,5000,21,375.474104638396,0.9088152954209219,0.7322121399797407
793b,10000,10,267.379231818888,0.5888487608317858,0.14626328749597925
793b,10000,10,288.257023939163,0.7311978495455878,0.3329266870844624
793b,10000,10,282.733734845278,0.6656165685163836,0.278788986778872
793b,2500,10,188.249117812036,0.1909585611023162,0.0
793b,2500,10,184.670126346883,0.13500199503677712,0.0
793b,2500,10,169.758533715084,0.0,0.0
793b,5000,10,231.892254861385,0.5132826523532608,0.0
793b,5000,10,236.82866128322,0.34058443786822656,0.0
793b,5000,10,244.776004327775,0.43288929228685225,0.0
793b,5000,10,242.906449465795,0.45419325685083006,0.0
793b,10000,14,304.52795674597,0.8004118734870527,0.44326298473445935
793b,10000,14,316.634624333884,0.7988991394411129,0.4583245170553735
793b,10000,14,312.898274220345,0.804212107414667,0.4821487072552402
793b,10000,14,318.449687890918,0.7740093278182784,0.4386266089410904
793b,10000,14,307.017603602585,0.7882214774654552,0.42114054283724905
793b,10000,14,312.411462447334,0.8041937876955769,0.4080579728235957
793b,10000,14,308.313908935565,0.8106934229338094,0.4584497307416164
793b,2500,14,227.256726509618,0.2339916341526928,0.0
793b,2500,14,222.269255219331,0.32372747589202755,0.0
793b,2500,14,235.76101166693,0.4330907697214226,0.0
793b,2500,14,206.485638751449,0.16895378715398524,0.0
793b,5000,14,265.120301492418,0.569630869097201,0.2059773273696078
793b,5000,14,287.002068866869,0.712739422045371,0.31816080516217515
793b,5000,14,275.234190035234,0.7007793982500057,0.2811119040027044
793b,5000,14,280.923359032783,0.7369130270217642,0.31074543583209013
793b,10000,21,335.233773567781,0.8749985961427921,0.6435047490815171
793b,10000,21,337.66742595629,0.8835125532008982,0.6708465931814184
793b,10000,21,330.227063853008,0.8533544013583431,0.6017326510829647
793b,10000,21,326.851667735817,0.8663865796305424,0.642649707574517
793b,10000,21,321.759627877024,0.873609211842245,0.6562852501479499
793b,2500,21,294.6627772027,0.8178567913457607,0.42637305443359813
793b,2500,21,272.983512788046,0.8172311424938926,0.21744753392932364
793b,2500,21,301.295589318758,0.8268324033496107,0.4580568565792469
793b,2500,21,316.600453677075,0.8135562731114646,0.467850239325464
793b,2500,21,262.883116569574,0.744773326294392,0.0
793b,2500,21,313.994169322279,0.8263142746084984,0.465233588496301
793b,2500,21,302.61153153812,0.8266094079408459,0.46586263546651824
793b,5000,21,330.688393531772,0.8884556046998576,0.6125559994782214
793b,5000,21,319.558862475376,0.8493241504149733,0.5779866241928476
793b,5000,21,328.418691510898,0.847933583501712,0.6086298697393268
983b,10000,16,363.788136675764,0.8917263598434706,0.6779917215065133
983b,10000,16,366.916304087529,0.8743929799605287,0.5857482810325977
983b,10000,16,349.852342598047,0.9030783368767521,0.6808154603899932
983b,10000,16,333.10284488427,0.9191233821572559,0.7171286897662892
983b,10000,16,375.909341467112,0.9195696925798713,0.6924519255089578
983b,10000,16,356.425319981726,0.9308359580580362,0.689747604168103
983b,10000,16,350.523604940244,0.9304649250931355,0.7199774033230828
983b,10000,16,360.914999725141,0.8919793072674357,0.6829966645035196
983b,10000,16,348.074583493662,0.9087110055294526,0.7159617460203117
983b,10000,16,350.762028731521,0.8881561655084458,0.6971558539196918
983b,2500,16,327.653377246489,0.8291157371223709,0.605839520395162
983b,2500,16,328.866856940873,0.844829110527946,0.5722744190381577
983b,2500,16,305.663517755853,0.8800180119988045,0.5807197045375464
983b,2500,16,329.229281826591,0.8778052187348309,0.5729327134988701
983b,2500,16,336.349007475949,0.9105945436304899,0.6115262362051769
983b,2500,16,332.17366734846,0.8715766969997456,0.5981653995062447
983b,2500,16,346.770206457138,0.8601709186814083,0.6001706488552745
983b,2500,16,333.117607987246,0.8795980554805178,0.6081108822400401
983b,5000,16,324.101766629573,0.8924645676667138,0.6412214114857194
983b,5000,16,349.424056441923,0.8999325304366368,0.6806920330637383
983b,5000,16,354.801808390378,0.8792336846748946,0.674774575826541
983b,5000,16,338.447875034896,0.8941483473678327,0.6524582170617346
983b,5000,16,342.033120055441,0.9083678878708915,0.6463446248695711
983b,5000,16,342.046778850426,0.8644506874408117,0.646299303865965
983b,5000,16,337.976038725119,0.8758815747534522,0.661521827374389
983b,5000,16,328.887043669587,0.8822438455537424,0.6865646556630789
983b,5000,16,343.252355182802,0.8399235403905599,0.633726631092435
983b,5000,16,357.924015465906,0.874508736447207,0.6738172401585417
983b,10000,18,389.495683187872,0.9110300324177867,0.7397051819773497
983b,10000,18,358.948212859565,0.9006423858208976,0.8185733729411779
983b,10000,18,342.211360391671,0.942412809927798,0.7011743686147541
983b,10000,18,361.758810339002,0.8790177276282981,0.6978323702347385
983b,10000,18,320.261374622518,0.9217299951914885,0.7572009502489732
983b,10000,18,347.602374278256,0.8825996681630613,0.7328159209673942
983b,10000,18,358.320870523152,0.8591439309342381,0.7070268800491567
983b,10000,18,350.111591137106,0.8913140829206008,0.7654550008176837
983b,10000,18,318.641892189554,0.9133629222711099,0.8120254073481911
983b,10000,18,383.158313144225,0.9168283768573838,0.7154729706220961
983b,2500,18,339.652470659544,0.9179795894504875,0.6707055236011833
983b,2500,18,326.150534345965,0.8735578237361573,0.6494887464491707
983b,2500,18,307.92287533562,0.8545905617416125,0.6304760620613153
983b,2500,18,336.005239576758,0.9284698767906936,0.7024342999232116
983b,2500,18,340.249917261741,0.8292424114021466,0.6417890159472324
983b,5000,18,336.468877870577,0.9055059438604343,0.7349550906513354
983b,5000,18,352.777943162072,0.8959842275008533,0.7023688155042694
983b,5000,18,382.427961619125,0.9131958320054966,0.6934543717400361
983b,5000,18,360.265829803306,0.8736034925567312,0.6927082017971078
983b,5000,18,348.409971659244,0.8582320856584517,0.7143997756002834
983b,5000,18,370.703184302229,0.9177720039669411,0.758623898047088
983b,5000,18,360.219415756502,0.9019125450901402,0.7143655149605528
983b,5000,18,366.019895722133,0.8875021965059915,0.7013849456606499
983b,5000,18,360.720098755469,0.8877840770386424,0.7369573613952405
983b,5000,18,358.444368881446,0.9010653993754633,0.719926264646105
793b,10000,16,316.060222581982,0.8598209336309639,0.5571507644717002
793b,10000,16,298.991089698689,0.7985884668535591,0.4821465136105997
793b,10000,16,304.596581127829,0.8403053530402386,0.5446286910414981
793b,10000,16,302.082912264954,0.8228278380910584,0.5249422536510058
793b,10000,16,309.781048169743,0.7885242411822997,0.5548305847230054
793b,10000,16,304.513422539697,0.8633796629216154,0.5212511450025848
793b,10000,16,289.451327260605,0.8359401401926854,0.5448154875089668
793b,10000,16,300.513567696896,0.829342832226687,0.5248328550093782
793b,2500,16,271.345558076535,0.6462811872215977,0.0
793b,2500,16,279.09066840773,0.6562389593585038,0.12391368627119582
793b,2500,16,262.741841157153,0.678738248289142,0.0
793b,2500,16,269.635652104319,0.6455137078581198,0.20809580567351516
793b,2500,16,272.425384486308,0.7102910536857305,0.20023906620434437
793b,2500,16,267.821203286283,0.6780018961804066,0.15585596432200924
793b,5000,16,296.249006112071,0.8525912786656784,0.4512449881187197
793b,5000,16,295.770539042133,0.8313518734782123,0.46871102818163307
793b,5000,16,294.69698845622,0.8413314924012211,0.44904203606758286
793b,5000,16,295.581763737588,0.8250135080805542,0.46711032126747626
793b,5000,16,306.601660442397,0.828077333182358,0.5394790011912267
793b,5000,16,290.069946979756,0.7840866141641935,0.4258022663386977
793b,5000,16,299.655663940666,0.7988668890690448,0.48891967649706614
793b,5000,16,311.527127833155,0.8719918042874534,0.46381655309795194
793b,10000,4,232.038537067944,0.36596162794856707,0.0
793b,10000,4,227.915778126347,0.5698676774114249,0.0
793b,10000,4,250.824932869819,0.7100000595092854,0.0
793b,10000,4,247.776256605507,0.5510513420633435,0.0
793b,10000,4,247.061708465922,0.5831230224139474,0.0
793b,10000,4,258.500968482169,0.5304235735295204,0.0
793b,10000,4,235.361222715626,0.7393006554835835,0.0
793b,5000,4,174.719416834203,0.6751845361019582,0.0
793b,5000,4,189.135233936211,0.0,0.0
793b,5000,4,203.684890976945,0.40260088559722945,0.0
793b,5000,4,188.324860951348,0.08755526211266838,0.0
793b,5000,4,181.133094766554,0.6041248703689104,0.0
793b,5000,4,173.018121674348,0.6243938126385056,0.0
793b,5000,4,173.854586139223,0.6717197456107955,0.0
793b,5000,4,168.84063066916,0.4791731187067883,0.0
793b,10000,5,247.222885646564,0.4455272130818397,0.0
793b,10000,5,229.064019082621,0.3796739223591801,0.0
793b,10000,5,235.37689302278,0.29514245585859505,0.0
793b,10000,5,242.754561406073,0.23881939641443808,0.0
793b,10000,5,254.645525530932,0.2766247118414164,0.0
793b,10000,5,237.812952043872,0.3664845911109345,0.0
793b,10000,5,212.904415645404,0.3325422150241217,0.0
793b,10000,5,240.971378770617,0.19291565420847082,0.0
793b,10000,5,222.524653966784,0.397356543445919,0.0
793b,10000,5,240.562872787167,0.0,0.0
793b,10000,5,238.320081449403,0.3756134041553305,0.0
793b,5000,5,193.534181257224,0.2167954074851828,0.0
793b,5000,5,195.523736874575,0.14288621072471933,0.0
793b,5000,5,200.639309638782,0.0,0.0
793b,5000,5,199.63062408139,0.3338102933684798,0.0
793b,5000,5,204.247872197336,0.290083364991555,0.0
793b,5000,5,200.875695307878,0.28464143314728524,0.0
793b,5000,5,193.85408527393,0.34642414623565315,0.0
793b,5000,5,195.511160655404,0.22742957504768546,0.0
983b,2500,16,318.960433508427,0.8589903132515848,0.6327306190265947
983b,2500,16,332.393444843308,0.8807198858160808,0.5738084942271235
983b,2500,16,328.194753904659,0.8821673735452569,0.6059487685158574
983b,2500,16,316.972249640357,0.8363227320250356,0.5823040791261903
983b,2500,16,313.969892462009,0.9020777718732086,0.6184824198485552
983b,2500,16,321.866597365446,0.8622016388656193,0.5887175670838174
983b,5000,16,321.202812281752,0.9037083042905812,0.6733618702306378
983b,5000,16,321.57922733596,0.8979617469244889,0.612511229743987
983b,5000,16,341.903693873744,0.8958036480937249,0.6773571731767029
983b,5000,16,327.434923870835,0.8732550133164689,0.7071813754702998
983b,5000,16,336.796841326191,0.8856747174998797,0.6459171413399529
983b,5000,16,341.938212312211,0.8894406333146084,0.6403171860219469
983b,5000,16,327.767425589806,0.8737714259344698,0.6372188573177078
983b,10000,12,319.715024232874,0.8927815797051013,0.6014663790308807
983b,10000,12,329.905239891914,0.8605623412084201,0.6207724961127802
983b,10000,12,334.775769625907,0.8432313530777837,0.6088003533874179
983b,10000,12,318.497556834253,0.8822351395772805,0.610873873121085
983b,10000,12,330.71887813214,0.8885593236897676,0.6157027488651466
983b,10000,12,323.813342823551,0.8265887160515702,0.5847893913179621
983b,10000,12,346.058270680908,0.8575279182946948,0.6101904159174392
983b,10000,12,316.548414001204,0.8712231187535032,0.5922285834704861
983b,10000,12,331.130516837142,0.8581534579624056,0.5919602058523934
983b,10000,12,335.011455626631,0.8652209056172206,0.5906258034627877
983b,10000,12,326.124146548744,0.8364762781862175,0.6055119987635197
983b,10000,12,332.163303877657,0.8918744828598094,0.6217142051100907
983b,10000,12,333.921946340562,0.8754941153279515,0.5840666226132711
983b,10000,12,325.586123873782,0.8581331669966342,0.6003778131528925
983b,2500,12,281.863588524883,0.8477012929484457,0.44572735290829146
983b,2500,12,255.507318251989,0.7835088178197205,0.38984951497889
983b,2500,12,276.977004812431,0.8145006693840164,0.46702288220427546
983b,2500,12,266.673873260991,0.8287529630639479,0.4636590384012616
983b,2500,12,272.016206253356,0.8337630862037319,0.45579401843144907
983b,2500,12,278.696570105508,0.8441519944056226,0.44370005295476406
983b,2500,12,282.678070037066,0.7853843276553535,0.44040905099145045
983b,2500,12,285.397185680704,0.8059344976543099,0.4569917944880741
983b,2500,12,271.151566913346,0.7883651753876089,0.4562589695202376
983b,2500,12,266.86374826091,0.7533298593188114,0.4338824486135177
983b,2500,12,274.533787132539,0.7955067174390137,0.4305641924867647
983b,5000,12,307.579313852921,0.8041554208857277,0.5386769342622472
983b,5000,12,310.954361899447,0.8159007211404781,0.5578432537170512
983b,5000,12,310.617319922441,0.7930400572730598,0.5147151146856969
983b,5000,12,306.00360539249,0.8478118881552794,0.522711804962209
983b,5000,12,293.089776417945,0.8091313050341019,0.4992480477223394
983b,5000,12,307.139314609206,0.828292856528546,0.5248124661178774
983b,5000,12,307.260177148446,0.7992606813433781,0.52772449722981
983b,5000,12,303.554246345943,0.8253255730382022,0.5445421750420465
983b,5000,12,310.066664551097,0.8355889103195513,0.5252950744753924
983b,5000,12,293.008387178839,0.8821174203635306,0.5196009113870147
983b,5000,12,315.858662723823,0.8327994748755143,0.541179977775786
983b,5000,12,302.169994715934,0.8727064178054251,0.5096817764858494
983b,10000,16,373.599112078448,0.8700466797309401,0.6437942541753863
983b,10000,16,374.276400304672,0.9095652502273077,0.7145543747305155
983b,10000,16,365.236426561565,0.8594693205950961,0.6363106822239855
983b,10000,18,371.534030096718,0.9048526171814341,0.7362364803526683
983b,10000,18,346.332429167199,0.9266545888100888,0.784526250322389
983b,10000,18,373.855705357331,0.9021717545584655,0.7124679053077554
983b,2500,18,348.553207538342,0.8832032441621992,0.6524252378603336
983b,2500,18,236.893023951249,0.711910156794838,0.29028711749300895
983b,5000,18,340.997056213286,0.8825682466468349,0.7046712792894714
983b,5000,18,345.149722925055,0.9030211394281951,0.7399031528219422
983b,5000,18,341.025898295755,0.8929641646136869,0.719664048343577
983b,5000,18,343.521595222422,0.928425329955154,0.7353359417073506
983b,10000,3,206.658235376503,0.0,0.0
983b,10000,3,237.476680099616,0.1718559480343834,0.0
983b,10000,3,223.587324807245,0.0,0.0
983b,10000,3,224.679991934581,0.0,0.0
983b,10000,3,229.581906316792,0.0,0.0
983b,10000,3,213.171034637898,0.26942289108762485,0.0
983b,2500,3,153.246286140909,0.0,0.0
983b,2500,3,148.40726353723,0.1417451311731304,0.0
983b,2500,3,157.043671814893,0.17042847144999834,0.0
983b,2500,3,157.737321324137,0.24075066560505043,0.0
983b,2500,3,156.065571356927,0.1837030232975717,0.0
983b,2500,3,161.712921689363,0.0,0.0
983b,5000,3,190.345616408163,0.0,0.0
983b,5000,3,187.500494922344,0.0,0.0
983b,5000,3,184.99871285275,0.0,0.0
983b,5000,3,178.106388371086,0.0,0.0
983b,5000,3,181.168386163823,0.0,0.0
983b,5000,3,166.099417215775,0.0,0.0
983b,5000,3,177.820382264495,0.0,0.0
983b,5000,3,189.46775682111,0.23317527311858466,0.0
983b,5000,3,186.883123339434,0.0,0.0
983b,10000,5,267.794577021353,0.5723053312864792,0.3058469357780667
983b,10000,5,259.585917287386,0.5341445526750257,0.3187631361141889
983b,10000,5,256.99175890924,0.5717732397037804,0.18178467140686436
983b,10000,5,257.621511623453,0.6033046368668605,0.3197602615646405
983b,10000,5,264.370786205726,0.5885688347242123,0.3197878231577434
983b,10000,5,258.788072506408,0.61930934996502,0.35162828626408915
983b,10000,5,265.401171442122,0.6113041916605257,0.27416193690898705
983b,10000,5,262.15534428018,0.5986300221873442,0.3496791271293024
983b,10000,5,253.777899635396,0.5846452216803946,0.31644380530030264
983b,2500,5,180.27311728423,0.15681013110139463,0.0
983b,2500,5,184.942881038335,0.37204264034580353,0.0
983b,2500,5,186.88443906104,0.0,0.0
983b,2500,5,178.328520438679,0.2673374750019193,0.0
983b,2500,5,191.854905215486,0.2797188770780507,0.0
983b,2500,5,190.235782362091,0.19214979696473974,0.0
983b,2500,5,184.26490781344,0.0,0.0
983b,2500,5,190.171144467404,0.3300273072987068,0.0
983b,2500,5,181.737528456153,0.1985630417981721,0.0
983b,2500,5,175.980054257777,0.34211438005734945,0.0
983b,2500,5,187.36537264981,0.15528157898966666,0.0
983b,2500,5,178.026297729457,0.0,0.0
983b,5000,5,210.018349176002,0.2471502608499444,0.0
983b,5000,5,226.854957116959,0.35563983541504324,0.0
983b,5000,5,215.214422915681,0.15646037301534516,0.0
983b,5000,5,208.303165220144,0.36772524566608916,0.0
983b,5000,5,217.421878040323,0.38124867063680185,0.0
983b,5000,5,219.675434420282,0.6757689492178788,0.0
983b,5000,5,219.313596174906,0.41039003833488563,0.0
983b,5000,5,213.629623609354,0.34901122733954365,0.0
983b,5000,5,209.868434766293,0.4459536956046925,0.0
983b,5000,5,222.650586941942,0.423617515620804,0.0
793b,10000,18,310.970176488746,0.8568863300724737,0.6179977972949021
793b,10000,18,312.558608291682,0.8349876994997818,0.5987215431083175
793b,10000,18,301.691137690224,0.819398891376697,0.6029652611189764
793b,10000,18,323.70929542521,0.8351694816084556,0.624715477683941
793b,10000,18,313.105666447045,0.8535940241691126,0.603891734491963
793b,10000,18,308.829474400235,0.8436997053021463,0.5279271125110006
793b,10000,18,290.782819123221,0.8667604485019658,0.5464021350498903
793b,10000,18,320.120841905964,0.8493758085824881,0.6327923343472189
793b,10000,18,303.738066737945,0.8683220902077583,0.6600663854963846
793b,10000,18,317.032751334233,0.8478191098745563,0.6515886134885244
793b,10000,18,311.447398762886,0.7872123975349337,0.6296895207474769
793b,10000,18,301.352710833937,0.8545832640605069,0.5647666442586435
793b,10000,18,315.755887739393,0.8492960902813839,0.6163300895123733
793b,2500,18,198.214058535812,0.7971386457595079,0.25495146663229074
793b,2500,18,277.623422071657,0.76618252569313,0.3377428553396953
793b,2500,18,281.760631028077,0.7835980595627496,0.3435003526750298
793b,2500,18,268.003843194746,0.8147126410174759,0.29792798316641267
793b,2500,18,273.63217528199,0.7639853830740803,0.30258474658554185
793b,2500,18,292.358980725242,0.7816026143790006,0.36110595381639654
793b,2500,18,269.2112738148,0.7565036436400561,0.34390481621508234
793b,2500,18,285.4781609088,0.7989221934787778,0.3829007736975213
793b,2500,18,277.737651995897,0.7568307271036455,0.35504576022766354
793b,2500,18,275.264563070341,0.815429951779746,0.3308654543894409
793b,2500,18,270.949269467075,0.790823456693936,0.3436926472284904
793b,2500,18,284.305222273066,0.7782410653127004,0.4212465974632603
793b,5000,18,313.750532488007,0.8100415760212321,0.5715628151966522
793b,5000,18,298.695706083247,0.8228951356514929,0.3950521609955253
793b,5000,18,311.010500051645,0.8223673091805769,0.5523842399330091
793b,5000,18,308.601679966073,0.8188669707789624,0.5247076231662082
793b,5000,18,329.124705307888,0.835293068076507,0.5362130191168707
793b,5000,18,298.739332625647,0.8565098696513693,0.5282316081845242
793b,5000,18,317.622425965652,0.8507519001186636,0.5058265968275242
793b,5000,18,307.350592857393,0.8312002642265472,0.4634387150782318
793b,5000,18,314.810658149324,0.8473677944335724,0.5165105138793541
793b,5000,18,328.702326279447,0.7916940651093278,0.5127002675739551
793b,5000,18,317.774896688886,0.8156773811997701,0.4851300083106337
793b,5000,18,324.802780369243,0.8468854908000555,0.5163655823144113
793b,5000,18,314.245442036704,0.8313433039549587,0.547194048092996
793b,5000,18,315.732525122718,0.813334518485874,0.5263294853612211
793b,2500,4,161.691633112247,0.2986738382527515,0.0
793b,2500,4,144.189915835455,0.15330888478177704,0.0
793b,2500,4,160.542450315214,0.12434773974915139,0.0
793b,2500,4,151.896555113681,0.5726652710259389,0.0
793b,2500,4,148.425073533814,0.49297978624414623,0.0
793b,2500,5,158.856494233815,0.08067968246614256,0.0
793b,2500,5,155.609970171909,0.24861451243661786,0.0
793b,2500,5,162.371484553977,0.25225551597146173,0.0
793b,2500,5,157.110201030203,0.22392853795239742,0.0
793b,2500,5,150.363932820491,0.0,0.0
793b,2500,5,149.284041221473,0.15208093103249248,0.0
793b,2500,5,165.010745150968,0.23010478965159292,0.0
793b,2500,5,151.140321372596,0.1550392444879497,0.0
793b,2500,5,150.80155085626,0.21741570353686768,0.0
793b,2500,5,157.697565971604,0.0,0.0
983b,10000,21,334.273741486451,0.8784538562750468,0.8440022511901772
983b,10000,21,372.697005436181,0.9202605783071798,0.7912025619611446
983b,10000,21,348.321742925142,0.8607858757434207,0.7999275446993557
983b,10000,21,354.264305769753,0.9177157198103817,0.8016386696816131
983b,2500,21,304.971723560556,0.8993451250572916,0.8080418478975617
983b,2500,21,346.206030725375,0.9147136304371724,0.6843054357795528
983b,2500,21,357.538411364408,0.9102736142439981,0.761565894482829
983b,2500,21,347.999694862211,0.8871798093715617,0.7153640776601867
983b,2500,21,321.410966149794,0.8662004645666862,0.6927870663085673
983b,2500,21,330.386369799485,0.9151700563470107,0.7774147680794499
983b,5000,21,350.694024352106,0.924098810365991,0.7802231447745165
983b,5000,21,355.931721363759,0.9088368626957428,0.7818298870148563
983b,5000,21,365.16573088315,0.9227548038560275,0.7420668963547363
983b,5000,21,350.053996943103,0.9300181783999862,0.7885938147585403
983b,5000,21,341.809469563058,0.9241286788068589,0.7820661334662569
983b,5000,21,339.206232262494,0.8911999806642183,0.8421928270939328
983b,2500,21,371.155278500822,0.9076104729064548,0.7503971933733152
983b,2500,21,334.610470197337,0.8970741638504529,0.0
983b,2500,21,320.199179225131,0.8835024764106569,0.8069148596735142
983b,2500,21,369.00856193219,0.8650906493214047,0.6747912841120977
983b,5000,21,380.216202720186,0.9253315222346737,0.7116850927575894
983b,5000,21,324.144249493385,0.8762865059068174,0.7566128165198377
983b,5000,21,353.597363179269,0.8899291504418014,0.73579556332922
983b,2500,10,287.47716802517,0.7995041046878772,0.35416403046483225
983b,2500,10,270.769524432418,0.8039891448677607,0.36596490024787276
983b,2500,10,257.616739325816,0.7998417179746025,0.3288034564397652
983b,2500,10,292.820350331506,0.849066795930318,0.3467020978134278
983b,2500,10,291.816002548899,0.7437044184736326,0.38289473524927004
983b,2500,10,293.893226124484,0.8876136180174371,0.3965564958015843
983b,2500,10,292.221858250424,0.8630907168184193,0.3760069370933191
983b,2500,10,280.352094632404,0.8008141066335676,0.3380376404944129
983b,2500,10,252.936462842957,0.7344082460508261,0.28969627530595843
983b,2500,10,260.360541186679,0.7571005120101716,0.3047638943809438
983b,2500,10,263.985450620354,0.7081469094900428,0.3459417163314
983b,5000,10,310.397967167755,0.8179063540468618,0.42871578026873736
983b,5000,10,312.546807704655,0.8143260392891106,0.41479007429422915
983b,5000,10,321.410966149794,0.8266164466076924,0.45138175584843837
983b,5000,10,322.996012171602,0.8432226130765271,0.45960808129410696
983b,5000,10,322.409301749326,0.8286493204285336,0.3769357868359456
983b,5000,10,306.6393509756,0.7801436963982796,0.4150529767254213
983b,10000,14,363.716483453706,0.9001854849113462,0.6168998435724257
983b,10000,14,352.085139621898,0.8635659368074466,0.6764451949385346
983b,10000,14,385.872235372706,0.9033398815504693,0.6200237198394319
983b,10000,14,379.371316345779,0.8997131249605074,0.6244631398889967
983b,10000,14,373.975388637663,0.8914523023422756,0.620807492203273
983b,10000,14,383.592523347955,0.930509923117908,0.6328131845140852
983b,2500,14,322.891701399836,0.8742196388930061,0.5092699355810961
983b,2500,14,338.835611266493,0.8677545842702687,0.5763738387728568
983b,2500,14,342.670907107553,0.854178746262984,0.556256238649358
983b,2500,14,306.21165228334,0.883589223611438,0.6285409062928383
983b,2500,14,334.097890217239,0.9086705870679828,0.5582073521523455
983b,2500,14,323.488178600015,0.8244050688258586,0.5045076197075395
983b,5000,14,344.367325822547,0.8798658060423241,0.6149997720057029
983b,5000,14,327.03517482331,0.8388549454896259,0.5873854415668777
983b,5000,14,356.823152773541,0.8845155686487629,0.5975914526761749
983b,5000,14,351.598036149946,0.8793745157128191,0.5781432487852541
983b,5000,14,351.71620497244,0.890149905914928,0.6490157790629177
983b,5000,14,322.731743528286,0.858655898764991,0.5453390347194327
983b,2500,16,370.483567299256,0.8878881699959075,0.6062792747175917
983b,2500,16,338.335973421069,0.8712194806432583,0.5655105745145611
983b,2500,16,360.520318217032,0.7608013290929854,0.6098967614147945
983b,5000,16,398.081991914448,0.9219266859249531,0.6432465600690875
983b,5000,16,375.170776934166,0.8847571386660324,0.5362592903796878
983b,5000,16,377.565829439259,0.9051443367969276,0.6265909993558084
983b,5000,16,394.974673219026,0.9092287666287384,0.6251901727829295
983b,10000,4,293.606113458383,0.21378219440429763,0.0
983b,10000,4,277.277789590792,0.2574874029861555,0.0
983b,10000,4,270.263236884587,0.19507388837166065,0.0
983b,10000,4,290.541722117258,0.0,0.0
983b,10000,4,284.357109732088,0.3971395198686941,0.0
983b,10000,4,277.125219823939,0.33583455711820476,0.0
983b,10000,4,277.726142581945,0.22712370055736344,0.0
983b,10000,4,269.952814872765,0.3926776596316373,0.0
983b,10000,4,277.912005544058,0.3438026414578565,0.0
983b,10000,4,271.113477586688,0.2523488550991095,0.0
983b,2500,4,166.668381559175,0.33799079707517465,0.0
983b,2500,4,177.144298831868,0.2758356060384319,0.0
983b,2500,4,173.310634075244,0.24963521730251156,0.0
983b,2500,4,171.705673449732,0.0,0.0
983b,2500,4,169.192694542858,0.0,0.0
983b,2500,4,171.71856120217,0.342332387959928,0.0
983b,2500,4,174.437724725431,0.2162408196372088,0.0
983b,2500,4,168.757599661415,0.0,0.0
983b,2500,4,176.706518783332,0.3792779213469781,0.0
983b,2500,4,176.855346553831,0.0,0.0
983b,2500,4,173.983242184046,0.0,0.0
983b,2500,4,173.05648883319,0.0,0.0
983b,5000,4,209.97268346709,0.18811483453154493,0.0
983b,5000,4,220.44306581346,0.0,0.0
983b,5000,4,224.692029877243,0.0,0.0
983b,5000,4,202.673164726428,0.0,0.0
983b,5000,4,205.338072800304,0.0,0.0
983b,5000,4,227.17772830467,0.0,0.0
983b,5000,4,213.835552796455,0.0,0.0
983b,5000,4,231.478348841258,0.0,0.0
983b,5000,4,220.458681167339,0.0,0.0
983b,10000,7,281.499578603858,0.6414444560721317,0.4034173074367956
983b,10000,7,305.066041597919,0.7533279437798877,0.31786612032892086
983b,10000,7,294.802100630931,0.8118650726481329,0.4433070369304996
983b,10000,7,294.279506551882,0.783514408814233,0.3796146183412294
983b,10000,7,305.628120480353,0.8069922798316295,0.3578549212680244
983b,10000,7,290.302118890978,0.7592932567738531,0.4289448657423972
983b,10000,7,284.935014871198,0.8369732845694652,0.40617820967248464
983b,10000,7,303.465130333502,0.8854842608633066,0.44277587385311906
983b,10000,7,272.751924505264,0.7378092814941043,0.4106243267438594
983b,2500,7,202.813849356731,0.0,0.0
983b,2500,7,235.890302058698,0.0,0.0
983b,2500,7,236.423397578962,0.4554018282963663,0.0
983b,2500,7,231.969647520736,0.3770375313712189,0.0
983b,2500,7,228.864271706157,0.6939221529666288,0.0
983b,2500,7,231.314705060922,0.25187052675948096,0.0
983b,2500,7,229.56584044058,0.6957415469172078,0.0
983b,2500,7,234.555407385813,0.42733839758433406,0.0
983b,2500,7,212.211492480668,0.29012074050121067,0.0
983b,5000,7,262.49466040945,0.5963260830231986,0.0
983b,5000,7,264.120475119912,0.6973101267306715,0.18458190976869293
983b,5000,7,267.999255776702,0.7613427571626106,0.15737055401221983
983b,5000,7,249.727522165518,0.48817769585702214,0.0
983b,5000,7,274.30081848654,0.7386879438405823,0.26585748160280626
983b,5000,7,269.384756472802,0.771901086965584,0.23774908328465647
793b,10000,16,313.289376600455,0.6700823445972605,0.34432048693515876
793b,10000,16,324.368709342698,0.7900343342270408,0.4165483200317134
793b,10000,16,336.217393214134,0.7378972121383206,0.505152555519371
793b,2500,16,254.593377513673,0.15073485878696824,0.0
793b,2500,16,254.716970288944,0.1398402946230123,0.0
793b,2500,16,276.135913883864,0.6880260879036458,0.0946138350306707
793b,2500,16,262.110319102282,0.2275891653776005,0.0
793b,2500,16,282.95280857777,0.6246765711836605,0.0
793b,2500,16,285.564279561747,0.5706531821208362,0.09155589779423934
793b,5000,16,315.335095812449,0.6931188640578818,0.3858856815013107
793b,5000,16,318.165414312533,0.7764253585852434,0.42194991459678494
793b,5000,16,307.313789672944,0.7060822078601368,0.3099888102677462
793b,5000,16,324.514979613798,0.7811888279460988,0.45167304142695675
793b,2500,21,351.495217944779,0.799847117908177,0.4710281566003201
793b,2500,21,307.845407747751,0.8025813315304003,0.4759999574398509
793b,2500,21,323.47145571857,0.8017102064176239,0.41928166230795477
793b,2500,21,302.017787485897,0.6765025691273026,0.1721837434150901
793b,5000,21,328.750198237506,0.7846923631265489,0.37793093491134
793b,5000,21,344.443004202824,0.8549866993356126,0.5187698916954778
793b,5000,21,353.128361269074,0.8790024814177481,0.6048783361004159
793b,5000,21,355.734781356255,0.8792668862524882,0.6195551863935379
793b,5000,21,349.500046950694,0.8446298802326551,0.5645746538506672
793b,5000,21,347.822299940302,0.8574184937545268,0.5933992713147741
793b,5000,21,367.055667725225,0.8676017710971003,0.6299666782826061
793b,5000,21,364.119855882995,0.8598245270387062,0.6209176136553521
793b,10000,24,371.319539918493,0.9072363625654581,0.7627074526670183
793b,10000,24,352.621780088502,0.8945776773430986,0.8022631172998648
793b,10000,24,316.230553263222,0.8812049620197465,0.7846467968915188
793b,10000,24,367.351639907354,0.8786652201004596,0.7597346984690864
793b,10000,24,359.117373162698,0.8278855057208683,0.6819120905367456
793b,10000,24,368.733258729828,0.8850216014966176,0.7605872513165307
793b,10000,24,351.313288936099,0.811004155524185,0.7712649377078747
793b,10000,24,367.754368193273,0.8472516563182442,0.7063723237128057
793b,10000,24,343.954371521778,0.8231824611713467,0.7591394306854665
793b,10000,24,343.743416434382,0.8930625300562403,0.7889436462634213
793b,10000,24,372.664676260415,0.9061169934753825,0.8053125787275437
793b,10000,24,384.285471360366,0.8940180647507548,0.7918828200043668
793b,2500,24,361.101624364044,0.8707381459455855,0.6740734783496476
793b,2500,24,348.095069085952,0.850544262628989,0.6524198024731146
793b,2500,24,319.071423991812,0.8406090136118737,0.5890646276331856
793b,2500,24,356.03463961746,0.860394713667174,0.6444420780645834
793b,2500,24,350.658264182299,0.8475030548982929,0.6459101510357766
793b,2500,24,314.16014143837,0.7951768334189738,0.5120000482697599
793b,2500,24,356.63291030888,0.8725446622532324,0.6541603136747082
793b,2500,24,341.388379502504,0.84691208326106,0.6394046530293482
793b,2500,24,341.957627402611,0.8643142226227507,0.6370410493055424
793b,2500,24,345.505742736627,0.8374924577463099,0.6160705228770781
793b,2500,24,339.54603522745,0.8481121352718988,0.5443988182998941
793b,2500,24,345.693573291675,0.8953528734280488,0.6427068579185314
793b,5000,24,347.953764616012,0.8600169386886162,0.7163776306907511
793b,5000,24,372.249425855993,0.8603211864401781,0.7329404259539208
793b,5000,24,406.669007108321,0.8982352919293706,0.7629283312653719
793b,5000,24,365.31114711687,0.8700153835594792,0.7254209087438935
793b,5000,24,370.259835495841,0.8545806523251405,0.7147950138717862
793b,5000,24,351.730186821326,0.8992831279062962,0.7280805758262997
793b,5000,24,376.429654984836,0.8765153377534973,0.7261693210548531
793b,5000,24,357.52328116043,0.8780448363326311,0.7083896734101941
793b,5000,24,367.938860362834,0.8210328164834297,0.6696601481811884
793b,5000,24,379.37455704912,0.8706951154171296,0.7177481362076403
793b,5000,24,354.59591980451,0.8490726578700094,0.6562455912754113
793b,5000,24,353.160390105156,0.8589592765868032,0.6952939533004102
983b,10000,10,322.332264402248,0.8446468075125875,0.5295832007021929
983b,10000,10,309.506290697382,0.8551976326625401,0.5400682599837539
983b,10000,10,322.67840661684,0.8863384838261255,0.5171094744005157
983b,10000,10,332.536185351154,0.8976487834631591,0.5509688409536968
983b,10000,10,334.244316758043,0.8702864104235314,0.532346327023699
983b,10000,10,302.713083260425,0.8448329750668998,0.4996564163827204
983b,10000,10,308.481343026124,0.8313136230523113,0.5171361350516628
983b,10000,10,344.527230394131,0.8940344182420308,0.550251829405106
983b,10000,10,335.775377252385,0.8617644427821567,0.5371703290239036
793b,10000,10,244.499600058692,0.3060369574096374,0.0
793b,10000,10,300.816157762826,0.6813859304074219,0.29124285231766484
793b,10000,10,291.642373272087,0.796749363505902,0.31607597477844257
793b,10000,10,292.647316940413,0.6141726178590823,0.3185165154274691
793b,10000,10,293.538270352402,0.6681916143386719,0.2266162616133797
793b,10000,10,299.980431792623,0.7502513356423025,0.2779020150459687
793b,10000,10,291.022871488781,0.6366415015393575,0.20869654943821922
793b,10000,10,302.540018679822,0.6957642257502813,0.23417958679734152
793b,10000,10,300.503748863848,0.7634336915273096,0.26991592514358576
793b,10000,10,283.644558921673,0.5691928913473893,0.17387430471070395
793b,10000,10,292.19156485645,0.724986611833411,0.25602729279423697
793b,10000,10,276.672338142332,0.478893096517868,0.0
793b,10000,10,305.364120579834,0.6452026968650854,0.2858370652141956
793b,10000,10,283.103974836193,0.593786835277507,0.15966964305909837
793b,10000,10,312.004286317925,0.6767676933797397,0.2609849801978286
793b,10000,10,299.887793999676,0.6552294873625077,0.31645766753364607
793b,10000,10,308.04502688041,0.6770453372570265,0.2730477696780662
793b,10000,10,302.922578365936,0.6605841406447409,0.2881594977034461
793b,10000,10,305.627315949173,0.6864152700548612,0.2915838441047397
793b,2500,10,189.048109893363,0.0,0.0
793b,2500,10,192.927196344838,0.08991960898138229,0.0
793b,2500,10,197.860196590554,0.09170153096447449,0.0
793b,2500,10,195.246872929503,0.0,0.0
793b,2500,10,184.234213565704,0.057313214969709154,0.0
793b,2500,10,181.179243672293,0.0,0.0
793b,2500,10,200.636858588377,0.0,0.0
793b,2500,10,176.980431884008,0.18259618634624644,0.0
793b,2500,10,174.746153966192,0.22211981299217048,0.0
793b,2500,10,186.156746542862,0.0,0.0
793b,2500,10,180.241743256248,0.0,0.0
793b,2500,10,203.806781025796,0.04717680182815108,0.0
793b,2500,10,190.487660577078,0.0,0.0
793b,2500,10,201.080012017666,0.07599841031804996,0.0
793b,2500,10,198.514035582252,0.11180040913204492,0.0
793b,2500,10,196.844765076432,0.25303964888106156,0.0
793b,2500,10,174.440543898201,0.0,0.0
793b,2500,10,198.818507039196,0.0,0.0
793b,2500,10,187.299744167811,0.0,0.0
793b,2500,10,193.145014052424,0.14573833682932563,0.0
793b,5000,10,257.015677534858,0.26632278838485607,0.0
793b,5000,10,273.248201873322,0.4869567302562734,0.0
793b,5000,10,262.730610713637,0.40196166934234756,0.0
793b,5000,10,255.878515054538,0.3793236468064767,0.0
793b,5000,10,251.215773386324,0.3307041231917765,0.0
793b,5000,10,242.165349205974,0.3965149870724061,0.0
793b,5000,10,233.749969907651,0.1488901962799292,0.0
793b,5000,10,242.895314235262,0.12595079898708242,0.0
793b,5000,10,249.022522828401,0.4894378681974805,0.0
793b,5000,10,230.933838284558,0.3811551926331785,0.0
793b,5000,10,235.839219970993,0.30731050375913327,0.0
793b,5000,10,227.262136340735,0.22983704945909147,0.0
793b,5000,10,220.242198351925,0.0,0.0
793b,5000,10,225.450215094722,0.39235555691783436,0.0
793b,5000,10,222.949668389913,0.0,0.0
793b,5000,10,221.004523460978,0.2053655221935015,0.0
793b,10000,12,297.510412442913,0.6829029200040113,0.27362837952698155
793b,10000,12,304.744272935987,0.7588330059308324,0.36322664596036963
793b,10000,12,318.743736618821,0.7901053794969957,0.3542628864367069
793b,10000,12,313.412574760057,0.7616243946508734,0.3611632849547776
793b,10000,12,317.959775703426,0.7445012948665549,0.3491203480729117
793b,10000,12,327.987156877543,0.7595318834362438,0.35545704984669324
793b,10000,12,303.793110227362,0.7849087459408068,0.3709510832754891
793b,10000,12,310.892677314548,0.7683615913495846,0.34217596217051854
793b,10000,12,310.794589439196,0.7271791099320357,0.34022512945750316
793b,10000,12,289.944462924073,0.6404974816661667,0.27162965735294775
793b,10000,12,310.103141023252,0.7767383749991306,0.3475641504551849
793b,10000,12,310.681433520668,0.7000999643014179,0.33854040212671427
793b,10000,12,317.33896100426,0.7750866273221527,0.3666857778675053
793b,10000,12,327.828935194078,0.747729068929499,0.3618595075501863
793b,10000,12,321.267109487628,0.8050705372264799,0.38309457303790895
793b,10000,12,309.982593730274,0.7398808845515471,0.3319845994783303
793b,10000,12,320.203018797036,0.7188427805201868,0.34426570233890125
793b,10000,12,321.831454169672,0.7517452773088453,0.3619084186618356
793b,2500,12,226.518700355433,0.13055756830029014,0.0
793b,2500,12,206.219915128905,0.31094032834301444,0.0
793b,2500,12,206.636817425877,0.2126393670556921,0.0
793b,2500,12,177.374567236056,0.25251877754043356,0.0
793b,2500,12,228.437344938967,0.0,0.0
793b,2500,12,212.622429040971,0.0,0.0
793b,2500,12,215.132145665844,0.13828014076772208,0.0
793b,2500,12,178.093962873744,0.14682223374941455,0.0
793b,2500,12,191.912569905752,0.0,0.0
793b,2500,12,215.045263306171,0.0809795086791148,0.0
793b,2500,12,204.875326369845,0.13198440661263244,0.0
793b,2500,12,205.47812950791,0.09787500419898511,0.0
793b,2500,12,221.978118828491,0.17657023687483847,0.0
793b,2500,12,228.331834629187,0.0631099174157339,0.0
793b,2500,12,217.225008607613,0.0,0.0
793b,2500,12,205.878619616826,0.0,0.0
793b,2500,12,219.502991512384,0.0,0.0
793b,2500,12,201.056776871441,0.06806641461421294,0.0
793b,2500,12,219.482827004417,0.0,0.0
793b,2500,12,235.046551063591,0.19570254383736468,0.0
793b,2500,12,219.446974415259,0.0,0.0
793b,2500,12,232.201670729315,0.24236589925787794,0.0
793b,2500,12,209.285327256069,0.062372176531559326,0.0
793b,5000,12,277.757128379199,0.3510931106891757,0.0
793b,5000,12,271.522205038699,0.7007224523346764,0.0
793b,5000,12,274.19860827479,0.5917302299759796,0.0
793b,5000,12,258.273530789507,0.6823651752219475,0.0
793b,5000,12,246.531669348005,0.46798952641877944,0.0
793b,5000,12,272.888017699581,0.5381857138302027,0.0
793b,5000,12,297.75412483946,0.7043553501730604,0.0
793b,5000,12,277.034702715386,0.5802815769196477,0.0
793b,5000,12,277.50825907584,0.8379364096923757,0.0
793b,5000,12,278.437060420612,0.4340994122112214,0.0
793b,5000,12,262.417837181008,0.6474226910033685,0.0
793b,5000,12,268.856656258832,0.5066096649652714,0.0
793b,5000,12,255.617002413528,0.628058489812842,0.0
793b,5000,12,265.881576155043,0.655261322886774,0.16475484514014999
793b,5000,12,275.981821909579,0.6177565196480482,0.1149919149152138
793b,10000,14,312.612885254591,0.7625822460602621,0.39757293692290874
793b,10000,14,313.639227011456,0.8350438418917662,0.47362575077504937
793b,10000,14,310.229189709203,0.7663388440057559,0.35808414798933264
793b,10000,14,332.972901353662,0.807244344730409,0.4437026567247712
793b,10000,14,350.806189462892,0.7959437400076513,0.44721627612503195
793b,10000,14,335.583460805086,0.8019260848395374,0.42111310184021206
793b,10000,14,325.971809521211,0.796415017718565,0.45999792739808376
793b,10000,14,311.7535734045,0.7204055133950685,0.38056508595805066
793b,2500,14,217.269150025538,0.0,0.0
793b,2500,14,246.304160554396,0.17304806348295396,0.0
793b,2500,14,248.618344629488,0.5604036900420091,0.0
793b,2500,14,242.157226123012,0.4291020568991292,0.0
793b,2500,14,259.034044002854,0.4551880692944009,0.0
793b,2500,14,230.976424396817,0.3779556045793799,0.0
793b,2500,14,249.326459256794,0.39322265569573495,0.0
793b,2500,14,244.268185393917,0.31824345489197325,0.0
793b,2500,14,240.095304034336,0.0,0.0
793b,2500,14,236.587664986711,0.23812692034542407,0.0
793b,2500,14,232.724197869252,0.5320283836128576,0.0
793b,2500,14,229.657936214132,0.4483518580344662,0.0
793b,2500,14,240.747807607922,0.477735772258839,0.0
793b,2500,14,216.991702396045,0.0,0.0
793b,2500,14,236.613646215305,0.5825522065615124,0.0
793b,5000,14,279.764722794554,0.8114854972892434,0.24993480347457248
793b,5000,14,292.612025730331,0.7517280964814165,0.27044132770039475
793b,5000,14,297.835868374856,0.8051893322953398,0.2817094948602202
793b,5000,14,311.624196084075,0.8224012323944019,0.3066272932397044
793b,5000,14,292.793478066753,0.7511119864756415,0.2953056612401741
793b,5000,14,298.433812900427,0.7646040895021468,0.2820274696973618
793b,5000,14,304.632098264926,0.798754816742729,0.3344099916270054
793b,5000,14,283.543115312546,0.7229597801234421,0.23939237873723887
793b,5000,14,295.410347818724,0.8562307820304287,0.28928127983626173
793b,5000,14,273.37325476534,0.4857702324175269,0.0
793b,5000,14,308.896347144402,0.747072245327062,0.2371277661500376
793b,5000,14,311.434766542286,0.739125321936022,0.3025033968549906
793b,5000,14,308.110473788975,0.7196320301479311,0.2934391017290288
793b,5000,14,318.688960705648,0.7426830579802268,0.305096809678904
793b,5000,14,325.139486361124,0.7703617352366974,0.33916917054417955
793b,5000,14,295.692382390669,0.7620050483358758,0.3363001873319507
793b,5000,14,286.336464435197,0.7206060629699764,0.17371339490683363
793b,10000,16,307.320190543359,0.7820177536661246,0.44559694051267146
793b,10000,16,315.047231417499,0.8594926632133918,0.44444637125436304
793b,10000,16,315.915486046313,0.7934851972461057,0.4469887686719055
793b,10000,16,310.675101902288,0.7520193517578447,0.42510951930056917
793b,10000,16,317.245966537581,0.7648402181553426,0.42100805849633105
793b,10000,16,305.078131545159,0.7498567413699766,0.36703523215711076
793b,2500,16,246.477804664861,0.6121074324723561,0.0
793b,2500,16,219.94167116175,0.27757446819683673,0.0
793b,2500,16,250.512017725315,0.6183689398834298,0.0
793b,2500,16,260.431362284446,0.5943678129515962,0.0
793b,2500,16,221.134657968715,0.10744786939292124,0.0
793b,2500,16,269.889047709804,0.6388141831152901,0.0
793b,5000,16,282.99625542562,0.7752834443267204,0.38389083082798175
793b,5000,16,289.723037660666,0.7421728745070368,0.4057375566078129
793b,5000,16,285.315325664438,0.8161246641790755,0.3980145003893992
793b,5000,16,269.600084750505,0.6937123032393211,0.2720144865998175
793b,5000,16,290.861449636411,0.7886459592175242,0.3896203733369399
793b,5000,16,286.798091535108,0.7178041829025921,0.3648038180755205
793b,5000,16,291.633098898501,0.7646145225461484,0.4068851477165335
793b,10000,18,340.548247510344,0.8088600907682695,0.47364452007120844
793b,10000,18,339.024236179784,0.879203026229185,0.5648815984465793
793b,10000,18,311.859244298096,0.7567058005058431,0.4547248322870761
793b,10000,18,309.320333718621,0.8173205870073833,0.5070192796137339
793b,10000,18,332.283204270445,0.8452912122141214,0.5417274915650521
793b,10000,18,318.471307014358,0.7822034922235055,0.31149977996210876
793b,10000,18,343.992973021319,0.8241726395654875,0.5265051994154789
793b,10000,18,339.322919398282,0.8534659149191213,0.5364811305956737
793b,2500,18,299.900092698976,0.7308310470582705,0.3567010592426912
793b,2500,18,269.987425025526,0.6463949725377177,0.10146506485519279
793b,2500,18,293.087259563681,0.77501685716032,0.24106839758487564
793b,2500,18,268.628832917027,0.40985738346686745,0.0
793b,2500,18,287.672116516148,0.6949863762544339,0.2890325857582746
793b,2500,18,275.119814417268,0.7151784010051451,0.2565335806871942
793b,2500,18,296.74824617005,0.6775939537848158,0.3217035047172566
793b,2500,18,279.936935461511,0.698278051724007,0.28338488888697044
793b,5000,18,306.649775198816,0.8493689788703347,0.5066472694553401
793b,5000,18,304.501310171201,0.8003978483530009,0.4797594034516393
793b,5000,18,289.392706271183,0.7685304388894778,0.32545385303390495
793b,5000,18,298.226936063556,0.849791826451272,0.5534958124767677
793b,5000,18,318.527664257958,0.8580629223075041,0.5137437555382903
793b,5000,18,311.155147466494,0.8236624298458012,0.5035455424398588
793b,5000,18,301.88993926736,0.8452703206853891,0.4994925226787227
793b,5000,18,296.633876664596,0.7982490525732835,0.4616799529412559
793b,5000,4,177.031830216991,0.0,0.0
793b,5000,4,166.758351002467,0.15060216501495366,0.0
793b,5000,4,176.657809588231,0.7335491626800299,0.0
793b,5000,4,180.433993898483,0.0,0.0
793b,10000,5,249.280103307158,0.25518501039875285,0.0
793b,5000,5,209.97268346709,0.11434907256805112,0.0
793b,5000,5,230.443532342289,0.0,0.0
793b,5000,5,178.419500867038,0.0,0.0
793b,10000,7,257.908641271398,0.5194392444397288,0.0
793b,10000,7,263.702140351104,0.5785862870770182,0.1549719127452536
793b,10000,7,254.987120634115,0.6332665439670764,0.12482402219568547
793b,10000,7,255.424542891592,0.5244452753454316,0.12039538078268469
793b,10000,7,255.339814745604,0.37324860874344395,0.0
793b,10000,7,262.548048678236,0.5901097358593591,0.1173721741662462
793b,10000,7,254.296703160244,0.5196637783587899,0.15528882311504094
793b,2500,7,177.129029506747,0.0,0.0
793b,2500,7,186.160709081148,0.08230183077053585,0.0
793b,2500,7,184.350290998347,0.0,0.0
793b,2500,7,171.588207118413,0.0,0.0
793b,2500,7,175.162163285894,0.0,0.0
793b,2500,7,182.626965022253,0.20470899202554513,0.0
793b,2500,7,179.092143333417,0.1663231784181734,0.0
793b,2500,7,179.555605412891,0.14158950887810196,0.0
793b,2500,7,176.835880883578,0.0,0.0
793b,2500,7,180.374022784957,0.10830285752211044,0.0
793b,2500,7,177.622534207992,0.0,0.0
793b,2500,7,181.062491335781,0.17108683669046335,0.0
793b,5000,7,213.445384663795,0.050912538421713116,0.0
793b,5000,7,210.392667859436,0.14517773011822904,0.0
793b,5000,7,237.150299942937,0.21545579040755863,0.0
793b,5000,7,219.080269452114,0.09524306089822666,0.0
793b,5000,7,219.075779964333,0.18724988097941928,0.0
793b,5000,7,213.462663820017,0.23667609383257332,0.0
793b,5000,7,222.773137487384,0.10942698707794037,0.0
793b,5000,7,218.897248250954,0.1283567677294662,0.0
793b,5000,7,226.082994083278,0.0,0.0
